<resources>
    <color name="md_theme_primary">#005AB5</color>
    <color name="md_theme_onPrimary">#FFFFFF</color>
    <color name="md_theme_primaryContainer">#0072E3</color>
    <color name="md_theme_onPrimaryContainer">#FEFCFF</color>
    <color name="md_theme_secondary">#425E90</color>
    <color name="md_theme_onSecondary">#FFFFFF</color>
    <color name="md_theme_secondaryContainer">#AAC7FF</color>
    <color name="md_theme_onSecondaryContainer">#355283</color>
    <color name="md_theme_tertiary">#8B30AC</color>
    <color name="md_theme_onTertiary">#FFFFFF</color>
    <color name="md_theme_tertiaryContainer">#A74CC7</color>
    <color name="md_theme_onTertiaryContainer">#FFFBFF</color>
    <color name="md_theme_error">#BA1A1A</color>
    <color name="md_theme_onError">#FFFFFF</color>
    <color name="md_theme_errorContainer">#FFDAD6</color>
    <color name="md_theme_onErrorContainer">#93000A</color>
    <color name="md_theme_background">#F9F9FF</color>
    <color name="md_theme_onBackground">#181C23</color>
    <color name="md_theme_surface">#F9F9FF</color>
    <color name="md_theme_onSurface">#181C23</color>
    <color name="md_theme_surfaceVariant">#DDE2F3</color>
    <color name="md_theme_onSurfaceVariant">#414754</color>
    <color name="md_theme_outline">#717785</color>
    <color name="md_theme_outlineVariant">#C1C6D6</color>
    <color name="md_theme_scrim">#000000</color>
    <color name="md_theme_inverseSurface">#2D3038</color>
    <color name="md_theme_inverseOnSurface">#EEF0FB</color>
    <color name="md_theme_inversePrimary">#AAC7FF</color>
    <color name="md_theme_primaryFixed">#D7E3FF</color>
    <color name="md_theme_onPrimaryFixed">#001B3E</color>
    <color name="md_theme_primaryFixedDim">#AAC7FF</color>
    <color name="md_theme_onPrimaryFixedVariant">#00458E</color>
    <color name="md_theme_secondaryFixed">#D7E3FF</color>
    <color name="md_theme_onSecondaryFixed">#001B3E</color>
    <color name="md_theme_secondaryFixedDim">#AAC7FF</color>
    <color name="md_theme_onSecondaryFixedVariant">#294776</color>
    <color name="md_theme_tertiaryFixed">#FAD7FF</color>
    <color name="md_theme_onTertiaryFixed">#330045</color>
    <color name="md_theme_tertiaryFixedDim">#EEB0FF</color>
    <color name="md_theme_onTertiaryFixedVariant">#731295</color>
    <color name="md_theme_surfaceDim">#D7DAE4</color>
    <color name="md_theme_surfaceBright">#F9F9FF</color>
    <color name="md_theme_surfaceContainerLowest">#FFFFFF</color>
    <color name="md_theme_surfaceContainerLow">#F1F3FE</color>
    <color name="md_theme_surfaceContainer">#EBEDF8</color>
    <color name="md_theme_surfaceContainerHigh">#E6E8F2</color>
    <color name="md_theme_surfaceContainerHighest">#E0E2EC</color>
    <color name="md_theme_primary_mediumContrast">#003570</color>
    <color name="md_theme_onPrimary_mediumContrast">#FFFFFF</color>
    <color name="md_theme_primaryContainer_mediumContrast">#006BD5</color>
    <color name="md_theme_onPrimaryContainer_mediumContrast">#FFFFFF</color>
    <color name="md_theme_secondary_mediumContrast">#153665</color>
    <color name="md_theme_onSecondary_mediumContrast">#FFFFFF</color>
    <color name="md_theme_secondaryContainer_mediumContrast">#516DA0</color>
    <color name="md_theme_onSecondaryContainer_mediumContrast">#FFFFFF</color>
    <color name="md_theme_tertiary_mediumContrast">#5C007A</color>
    <color name="md_theme_onTertiary_mediumContrast">#FFFFFF</color>
    <color name="md_theme_tertiaryContainer_mediumContrast">#9F44BF</color>
    <color name="md_theme_onTertiaryContainer_mediumContrast">#FFFFFF</color>
    <color name="md_theme_error_mediumContrast">#740006</color>
    <color name="md_theme_onError_mediumContrast">#FFFFFF</color>
    <color name="md_theme_errorContainer_mediumContrast">#CF2C27</color>
    <color name="md_theme_onErrorContainer_mediumContrast">#FFFFFF</color>
    <color name="md_theme_background_mediumContrast">#F9F9FF</color>
    <color name="md_theme_onBackground_mediumContrast">#181C23</color>
    <color name="md_theme_surface_mediumContrast">#F9F9FF</color>
    <color name="md_theme_onSurface_mediumContrast">#0E1118</color>
    <color name="md_theme_surfaceVariant_mediumContrast">#DDE2F3</color>
    <color name="md_theme_onSurfaceVariant_mediumContrast">#303643</color>
    <color name="md_theme_outline_mediumContrast">#4C5260</color>
    <color name="md_theme_outlineVariant_mediumContrast">#676D7B</color>
    <color name="md_theme_scrim_mediumContrast">#000000</color>
    <color name="md_theme_inverseSurface_mediumContrast">#2D3038</color>
    <color name="md_theme_inverseOnSurface_mediumContrast">#EEF0FB</color>
    <color name="md_theme_inversePrimary_mediumContrast">#AAC7FF</color>
    <color name="md_theme_primaryFixed_mediumContrast">#006BD5</color>
    <color name="md_theme_onPrimaryFixed_mediumContrast">#FFFFFF</color>
    <color name="md_theme_primaryFixedDim_mediumContrast">#0053A8</color>
    <color name="md_theme_onPrimaryFixedVariant_mediumContrast">#FFFFFF</color>
    <color name="md_theme_secondaryFixed_mediumContrast">#516DA0</color>
    <color name="md_theme_onSecondaryFixed_mediumContrast">#FFFFFF</color>
    <color name="md_theme_secondaryFixedDim_mediumContrast">#385586</color>
    <color name="md_theme_onSecondaryFixedVariant_mediumContrast">#FFFFFF</color>
    <color name="md_theme_tertiaryFixed_mediumContrast">#9F44BF</color>
    <color name="md_theme_onTertiaryFixed_mediumContrast">#FFFFFF</color>
    <color name="md_theme_tertiaryFixedDim_mediumContrast">#8327A4</color>
    <color name="md_theme_onTertiaryFixedVariant_mediumContrast">#FFFFFF</color>
    <color name="md_theme_surfaceDim_mediumContrast">#C4C6D0</color>
    <color name="md_theme_surfaceBright_mediumContrast">#F9F9FF</color>
    <color name="md_theme_surfaceContainerLowest_mediumContrast">#FFFFFF</color>
    <color name="md_theme_surfaceContainerLow_mediumContrast">#F1F3FE</color>
    <color name="md_theme_surfaceContainer_mediumContrast">#E6E8F2</color>
    <color name="md_theme_surfaceContainerHigh_mediumContrast">#DADCE7</color>
    <color name="md_theme_surfaceContainerHighest_mediumContrast">#CFD1DB</color>
    <color name="md_theme_primary_highContrast">#002B5D</color>
    <color name="md_theme_onPrimary_highContrast">#FFFFFF</color>
    <color name="md_theme_primaryContainer_highContrast">#004893</color>
    <color name="md_theme_onPrimaryContainer_highContrast">#FFFFFF</color>
    <color name="md_theme_secondary_highContrast">#052B5A</color>
    <color name="md_theme_onSecondary_highContrast">#FFFFFF</color>
    <color name="md_theme_secondaryContainer_highContrast">#2B4979</color>
    <color name="md_theme_onSecondaryContainer_highContrast">#FFFFFF</color>
    <color name="md_theme_tertiary_highContrast">#4D0066</color>
    <color name="md_theme_onTertiary_highContrast">#FFFFFF</color>
    <color name="md_theme_tertiaryContainer_highContrast">#761697</color>
    <color name="md_theme_onTertiaryContainer_highContrast">#FFFFFF</color>
    <color name="md_theme_error_highContrast">#600004</color>
    <color name="md_theme_onError_highContrast">#FFFFFF</color>
    <color name="md_theme_errorContainer_highContrast">#98000A</color>
    <color name="md_theme_onErrorContainer_highContrast">#FFFFFF</color>
    <color name="md_theme_background_highContrast">#F9F9FF</color>
    <color name="md_theme_onBackground_highContrast">#181C23</color>
    <color name="md_theme_surface_highContrast">#F9F9FF</color>
    <color name="md_theme_onSurface_highContrast">#000000</color>
    <color name="md_theme_surfaceVariant_highContrast">#DDE2F3</color>
    <color name="md_theme_onSurfaceVariant_highContrast">#000000</color>
    <color name="md_theme_outline_highContrast">#262C38</color>
    <color name="md_theme_outlineVariant_highContrast">#434956</color>
    <color name="md_theme_scrim_highContrast">#000000</color>
    <color name="md_theme_inverseSurface_highContrast">#2D3038</color>
    <color name="md_theme_inverseOnSurface_highContrast">#FFFFFF</color>
    <color name="md_theme_inversePrimary_highContrast">#AAC7FF</color>
    <color name="md_theme_primaryFixed_highContrast">#004893</color>
    <color name="md_theme_onPrimaryFixed_highContrast">#FFFFFF</color>
    <color name="md_theme_primaryFixedDim_highContrast">#003169</color>
    <color name="md_theme_onPrimaryFixedVariant_highContrast">#FFFFFF</color>
    <color name="md_theme_secondaryFixed_highContrast">#2B4979</color>
    <color name="md_theme_onSecondaryFixed_highContrast">#FFFFFF</color>
    <color name="md_theme_secondaryFixedDim_highContrast">#103261</color>
    <color name="md_theme_onSecondaryFixedVariant_highContrast">#FFFFFF</color>
    <color name="md_theme_tertiaryFixed_highContrast">#761697</color>
    <color name="md_theme_onTertiaryFixed_highContrast">#FFFFFF</color>
    <color name="md_theme_tertiaryFixedDim_highContrast">#570073</color>
    <color name="md_theme_onTertiaryFixedVariant_highContrast">#FFFFFF</color>
    <color name="md_theme_surfaceDim_highContrast">#B6B8C2</color>
    <color name="md_theme_surfaceBright_highContrast">#F9F9FF</color>
    <color name="md_theme_surfaceContainerLowest_highContrast">#FFFFFF</color>
    <color name="md_theme_surfaceContainerLow_highContrast">#EEF0FB</color>
    <color name="md_theme_surfaceContainer_highContrast">#E0E2EC</color>
    <color name="md_theme_surfaceContainerHigh_highContrast">#D2D4DE</color>
    <color name="md_theme_surfaceContainerHighest_highContrast">#C4C6D0</color>
</resources>
